0,1,2,3,4,5,6,7,8,9,10,11,12,13,14
AÑO,ARTÍCULO,GRAMOS  POR PERSONA,URBANA,URBANA,URBANA,URBANA,URBANA,URBANA,URBANA,URBANA,URBANA,URBANA,URBANA,URBANA
AÑO,ARTÍCULO,GRAMOS  POR PERSONA,ENERO,FEBRERO,MARZO,ABRIL,MAYO,JUNIO,JULIO,AGOSTO,SEPTIEMBRE,OCTUBRE,NOVIEMBRE,DICIEMBRE
2001,2001,2001,2001,2001,2001,2001,2001,2001,2001,2001,2001,2001,2001,2001
2001,Pan Francés,49,0.0700,0.0700,0.0700,0.0700,0.0700,0.0600,0.0600,0.0700,0.0600,0.0600,0.0700,0.0700
2001,Tortillas,223,0.1100,0.1100,0.1100,0.1100,0.1100,0.1100,0.1200,0.1200,0.1200,0.1200,0.1100,0.1100
2001,Arroz,55,0.0500,0.0500,0.0500,0.0500,0.0500,0.0500,0.0500,0.0500,0.0500,0.0400,0.0500,0.0500
2001,Carnes 1_ /,60,0.2500,0.2500,0.2500,0.2500,0.2500,0.2600,0.2600,0.2600,0.2600,0.2600,0.2600,0.2600
2001,Grasas 2 _ /,33,0.0500,0.0500,0.0500,0.0500,0.0500,0.0500,0.0500,0.0500,0.0500,0.0500,0.0500,0.0500
2001,Huevos,28,0.0600,0.0600,0.0600,0.0600,0.0500,0.0500,0.0500,0.0500,0.0500,0.0500,0.0500,0.0600
2001,Leche Fluida *,106,0.0800,0.0800,0.0800,0.0800,0.0800,0.0800,0.0800,0.0700,0.0700,0.0700,0.0800,0.0800
2001,Frutas 3_ /,157,0.0600,0.0600,0.0600,0.0600,0.0600,0.0600,0.0500,0.0600,0.0600,0.0700,0.0700,0.0600
2001,Frijoles,79,0.0700,0.0700,0.0700,0.0700,0.0700,0.0700,0.0700,0.0700,0.0700,0.0800,0.0900,0.0800
2001,Verduras 4_ /,127,0.1100,0.1100,0.1100,0.1100,0.1100,0.1100,0.1100,0.1000,0.1000,0.1100,0.1200,0.1000
2001,Azúcar,69,0.0400,0.0400,0.0400,0.0400,0.0400,0.0400,0.0400,0.0400,0.0400,0.0400,0.0500,0.0400
2001,Costo diario por persona,0,0.9500,0.9500,0.9500,0.9500,0.9400,0.9400,0.9500,0.9500,0.9500,0.9600,0.9800,0.9500
2001,más 10% (cocción),0,1.0500,1.0500,1.0500,1.0500,1.0300,1.0300,1.0500,1.0500,1.0500,1.0600,1.0800,1.0500
2001,Costo diario por familia de 4.08 miembros,0,4.2800,4.2800,4.2800,4.2800,4.2000,4.2000,4.2800,4.2800,4.2800,4.3200,4.4100,4.2800
2001,Costo mensual por familia**,0,128.4000,128.4000,128.4000,128.4000,126.0000,126.0000,128.4000,128.4000,128.4000,129.6000,132.3000,128.4000
2002,2002,2002,2002,2002,2002,2002,2002,2002,2002,2002,2002,2002,2002,2002
2002,Pan Francés,49,0.0700,0.0600,0.0700,0.0700,0.0700,0.0700,0.0700,0.0700,0.0700,0.0700,0.0700,0.0700
2002,Tortillas,223,0.1200,0.1100,0.1100,0.1100,0.1100,0.1100,0.1100,0.1100,0.1100,0.1100,0.1100,0.1100
2002,Arroz,55,0.0500,0.0500,0.0500,0.0500,0.0500,0.0400,0.0400,0.0400,0.0400,0.0400,0.0400,0.0400
2002,Carnes 1_ /,60,0.2600,0.2600,0.2600,0.2700,0.2600,0.2600,0.2600,0.2700,0.2700,0.2600,0.2700,0.2700
2002,Grasas 2 _ /,33,0.0500,0.0500,0.0500,0.0500,0.0500,0.0500,0.0500,0.0500,0.0500,0.0500,0.0500,0.0500
2002,Huevos,28,0.0600,0.0600,0.0600,0.0600,0.0600,0.0500,0.0500,0.0500,0.0500,0.0500,0.0500,0.0500
2002,Leche Fluida *,106,0.0800,0.0800,0.0800,0.0800,0.0800,0.0800,0.0700,0.0700,0.0700,0.0800,0.0800,0.0800
2002,Frutas 3_ /,157,0.0600,0.0600,0.0600,0.0600,0.0700,0.0700,0.0700,0.0700,0.0700,0.0700,0.0700,0.0700
2002,Frijoles,79,0.0800,0.0800,0.0800,0.0800,0.0800,0.0800,0.0800,0.0700,0.0700,0.0800,0.0700,0.0700
2002,Verduras 4_ /,127,0.0900,0.0900,0.0900,0.1000,0.1200,0.1300,0.1300,0.1100,0.0900,0.1100,0.1000,0.1100
2002,Azúcar,69,0.0500,0.0500,0.0400,0.0400,0.0400,0.0400,0.0400,0.0400,0.0400,0.0400,0.0400,0.0400
2002,Costo diario por persona,0,0.9500,0.9400,0.9400,0.9600,0.9700,0.9800,0.9800,0.9700,0.9500,0.9600,0.9600,0.9600
2002,más 10% (cocción),0,1.0500,1.0300,1.0300,1.0600,1.0700,1.0800,1.0800,1.0700,1.0500,1.0600,1.0600,1.0600
2002,Costo diario por familia de 4.01 miembros,0,4.2100,4.1300,4.1300,4.2500,4.2900,4.3300,4.3300,4.2900,4.2100,4.2500,4.2500,4.2500
2002,Costo mensual por familia**,0,126.3000,123.9000,123.9000,127.5000,128.7000,129.9000,129.9000,128.7000,126.3000,127.5000,127.5000,127.5000
2003,2003,2003,2003,2003,2003,2003,2003,2003,2003,2003,2003,2003,2003,2003
2003,Pan Francés,49,0.0700,0.0700,0.0700,0.0700,0.0700,0.0700,0.0700,0.0700,0.0700,0.0700,0.0700,0.0800
2003,Tortillas,223,0.1100,0.1100,0.1100,0.1100,0.1100,0.1100,0.1100,0.1100,0.1200,0.1200,0.1200,0.1100
2003,Arroz,55,0.0400,0.0400,0.0400,0.0400,0.0500,0.0500,0.0500,0.0500,0.0500,0.0500,0.0500,0.0500
2003,Carnes 1_ /,60,0.2700,0.2700,0.2700,0.2600,0.2700,0.2600,0.2700,0.2700,0.2700,0.2600,0.2600,0.2600
2003,Grasas 2 _ /,33,0.0500,0.0500,0.0500,0.0500,0.0500,0.0500,0.0500,0.0500,0.0500,0.0500,0.0500,0.0600
2003,Huevos,28,0.0500,0.0500,0.0500,0.0600,0.0600,0.0500,0.0600,0.0600,0.0600,0.0600,0.0600,0.0600
2003,Leche Fluida *,106,0.0800,0.0800,0.0800,0.0800,0.0700,0.0800,0.0700,0.0800,0.0700,0.0700,0.0700,0.0700
2003,Frutas 3_ /,157,0.0600,0.0600,0.0700,0.0600,0.0600,0.0700,0.0700,0.0700,0.0700,0.0700,0.0700,0.0600
2003,Frijoles,79,0.0700,0.0700,0.0700,0.0700,0.0700,0.0700,0.0700,0.0700,0.0700,0.0700,0.0700,0.0700
2003,Verduras 4_ /,127,0.1100,0.1100,0.1000,0.1000,0.1000,0.1100,0.1000,0.1000,0.1100,0.1200,0.1200,0.1200
2003,Azúcar,69,0.0400,0.0400,0.0400,0.0400,0.0500,0.0500,0.0500,0.0500,0.0500,0.0500,0.0500,0.0500
2003,Costo diario por persona,0,0.9600,0.9600,0.9500,0.9500,0.9500,0.9700,0.9600,0.9600,0.9700,0.9800,0.9900,0.9800
2003,más 10% (cocción),0,1.0600,1.0600,1.0500,1.0500,1.0500,1.0700,1.0600,1.0600,1.0700,1.0800,1.0900,1.0800
2003,Costo diario por familia de 3.97 miembros,0,4.2100,4.2100,4.1700,4.1700,4.1700,4.2500,4.2100,4.2100,4.2500,4.2900,4.3300,4.2900
2003,Costo mensual por familia**,0,126.3000,126.3000,125.1000,125.1000,125.1000,127.5000,126.3000,126.3000,127.5000,128.7000,129.9000,128.7000
2004,2004,2004,2004,2004,2004,2004,2004,2004,2004,2004,2004,2004,2004,2004
2004,Pan Francés,49,0.0700,0.0700,0.0700,0.0700,0.0700,0.0700,0.0700,0.0700,0.0700,0.0700,0.0800,0.0800
2004,Tortillas,223,0.1200,0.1100,0.1100,0.1100,0.1200,0.1200,0.1300,0.1300,0.1300,0.1300,0.1300,0.1200
2004,Arroz,55,0.0500,0.0500,0.0500,0.0500,0.0500,0.0500,0.0500,0.0500,0.0500,0.0500,0.0500,0.0500
2004,Carnes 1_ /,60,0.2600,0.2600,0.2600,0.2600,0.2600,0.2600,0.2600,0.2600,0.2600,0.2600,0.2600,0.2600
2004,Grasas 2 _ /,33,0.0600,0.0600,0.0600,0.0600,0.0600,0.0600,0.0600,0.0600,0.0600,0.0600,0.0600,0.0600
2004,Huevos,28,0.0600,0.0600,0.0600,0.0600,0.0600,0.0600,0.0600,0.0600,0.0600,0.0600,0.0600,0.0600
2004,Leche Fluida *,106,0.0800,0.0800,0.0800,0.0800,0.0800,0.0800,0.0800,0.0800,0.0800,0.0800,0.0800,0.0800
2004,Frutas 3_ /,157,0.0700,0.0700,0.0600,0.0600,0.0600,0.0600,0.0600,0.0700,0.0600,0.0600,0.0600,0.0600
2004,Frijoles,79,0.0700,0.0700,0.0700,0.0700,0.0700,0.0800,0.0900,0.1000,0.1000,0.1100,0.1100,0.1000
2004,Verduras 4_ /,127,0.1100,0.1000,0.0900,0.1000,0.1100,0.1100,0.1000,0.0900,0.0900,0.1000,0.1100,0.1000
2004,Azúcar,69,0.0500,0.0500,0.0400,0.0400,0.0500,0.0400,0.0400,0.0400,0.0400,0.0400,0.0400,0.0500
2004,Costo diario por persona,0,0.9800,0.9600,0.9600,0.9700,0.9900,1.0000,1.0000,1.0100,1.0100,1.0300,1.0300,1.0200
2004,más 10% (cocción),0,1.0800,1.0600,1.0600,1.0700,1.0900,1.1000,1.1000,1.1100,1.1100,1.1300,1.1300,1.1200
2004,Costo diario por familia de 3.94 miembros,0,4.2600,4.1800,4.1800,4.2200,4.2900,4.3300,4.3300,4.3700,4.3700,4.4500,4.4500,4.4100
2004,Costo mensual por familia**,0,127.8000,125.4000,125.4000,126.6000,128.7000,129.9000,129.9000,131.1000,131.1000,133.5000,133.5000,132.3000
2005,2005,2005,2005,2005,2005,2005,2005,2005,2005,2005,2005,2005,2005,2005
2005,Pan Francés,49,0.0800,0.0700,0.0800,0.0700,0.0700,0.0700,0.0700,0.0700,0.0700,0.0800,0.0800,0.0800
2005,Tortillas,223,0.1300,0.1300,0.1200,0.1200,0.1200,0.1200,0.1300,0.1200,0.1200,0.1300,0.1300,0.1200
2005,Arroz,55,0.0500,0.0500,0.0500,0.0500,0.0500,0.0500,0.0500,0.0500,0.0500,0.0500,0.0500,0.0500
2005,Carnes 1_ /,60,0.2700,0.2700,0.2600,0.2700,0.2700,0.2700,0.2700,0.2700,0.2800,0.2800,0.2800,0.2800
2005,Grasas 2 _ /,33,0.0600,0.0600,0.0600,0.0600,0.0600,0.0600,0.0600,0.0600,0.0600,0.0600,0.0600,0.0600
2005,Huevos,28,0.0600,0.0600,0.0600,0.0700,0.0600,0.0600,0.0600,0.0600,0.0600,0.0600,0.0600,0.0600
2005,Leche Fluida *,106,0.0800,0.0800,0.0800,0.0800,0.0800,0.0800,0.0800,0.0800,0.0800,0.0800,0.0800,0.0800
2005,Frutas 3_ /,157,0.0700,0.0700,0.0700,0.0600,0.0700,0.0600,0.0700,0.0700,0.0700,0.0800,0.0700,0.0700
2005,Frijoles,79,0.1000,0.1000,0.1000,0.1000,0.1000,0.1100,0.1000,0.1000,0.1000,0.1100,0.1000,0.1000
2005,Verduras 4_ /,127,0.1100,0.1100,0.1100,0.1000,0.1100,0.1200,0.1300,0.1300,0.1300,0.1500,0.1300,0.1200
2005,Azúcar,69,0.0500,0.0500,0.0500,0.0500,0.0500,0.0500,0.0500,0.0500,0.0500,0.0500,0.0500,0.0500
2005,Costo diario por persona,0,1.0400,1.0400,1.0300,1.0200,1.0300,1.0500,1.0600,1.0600,1.0600,1.1100,1.0800,1.0800
2005,más 10% (cocción),0,1.1400,1.1400,1.1300,1.1200,1.1300,1.1600,1.1700,1.1700,1.1700,1.2200,1.1900,1.1900
2005,Costo diario por familia de 3.89 miembros,0,4.4300,4.4300,4.4000,4.3600,4.4000,4.5100,4.5500,4.5500,4.5500,4.7500,4.6300,4.6300
2005,Costo mensual por familia**,0,132.9000,132.9000,132.0000,130.8000,132.0000,135.3000,136.5000,136.5000,136.5000,142.5000,138.9000,138.9000
2006,2006,2006,2006,2006,2006,2006,2006,2006,2006,2006,2006,2006,2006,2006
2006,Pan Francés,49,0.0800,0.0700,0.0800,0.0800,0.0700,0.0800,0.0800,0.0700,0.0800,0.0800,0.0800,0.0800
2006,Tortillas,223,0.1200,0.1300,0.1200,0.1200,0.1200,0.1200,0.1200,0.1200,0.1200,0.1300,0.1300,0.1300
2006,Arroz,55,0.0500,0.0500,0.0500,0.0500,0.0500,0.0500,0.0500,0.0500,0.0500,0.0500,0.0500,0.0500
2006,Carnes 1_ /,60,0.2900,0.2900,0.2900,0.3000,0.3000,0.3000,0.3000,0.3000,0.3000,0.3000,0.3000,0.3000
2006,Grasas 2 _ /,33,0.0600,0.0600,0.0600,0.0600,0.0600,0.0600,0.0600,0.0600,0.0600,0.0600,0.0600,0.0600
2006,Huevos,28,0.0600,0.0600,0.0600,0.0600,0.0600,0.0600,0.0600,0.0600,0.0600,0.0600,0.0600,0.0600
2006,Leche Fluida *,106,0.0800,0.0800,0.0800,0.0800,0.0800,0.0800,0.0800,0.0800,0.0800,0.0800,0.0800,0.0800
2006,Frutas 3_ /,157,0.0800,0.0800,0.0800,0.0800,0.0800,0.0800,0.0900,0.0800,0.0800,0.0800,0.0800,0.0800
2006,Frijoles,79,0.1000,0.1000,0.1000,0.1000,0.1000,0.1000,0.1000,0.1000,0.0900,0.0900,0.0900,0.0900
2006,Verduras 4_ /,127,0.1000,0.0900,0.0900,0.1000,0.1000,0.1100,0.1200,0.1100,0.1000,0.1000,0.1200,0.1500
2006,Azúcar,69,0.0500,0.0500,0.0500,0.0500,0.0500,0.0500,0.0500,0.0500,0.0500,0.0500,0.0500,0.0500
2006,Costo diario por persona,0,1.0700,1.0600,1.0600,1.0700,1.0700,1.0900,1.1000,1.0800,1.0900,1.0800,1.1000,1.1300
2006,más 10% (cocción),0,1.1800,1.1700,1.1700,1.1800,1.1800,1.2000,1.2100,1.1900,1.2000,1.1900,1.2100,1.2400
2006,Costo diario por familia de 3.86 miembros,0,4.5500,4.5200,4.5200,4.5500,4.5500,4.6300,4.6700,4.5900,4.6300,4.5900,4.6700,4.7900
2006,Costo mensual por familia**,0,136.5000,135.6000,135.6000,136.5000,136.5000,138.9000,140.1000,137.7000,138.9000,137.7000,140.1000,143.7000
2007,2007,2007,2007,2007,2007,2007,2007,2007,2007,2007,2007,2007,2007,2007
2007,Pan Francés,49,0.0700,0.0800,0.0800,0.0800,0.0800,0.0800,0.0800,0.0800,0.0800,0.0800,0.0900,0.0900
2007,Tortillas,223,0.1300,0.1200,0.1300,0.1300,0.1300,0.1500,0.1600,0.1600,0.1600,0.1600,0.1600,0.1500
2007,Arroz,55,0.0500,0.0500,0.0500,0.0500,0.0500,0.0500,0.0600,0.0600,0.0600,0.0600,0.0600,0.0600
2007,Carnes 1_ /,60,0.3100,0.3000,0.3100,0.3100,0.3100,0.3100,0.3100,0.3100,0.3100,0.3100,0.3100,0.3200
2007,Grasas 2 _ /,33,0.0600,0.0600,0.0600,0.0600,0.0600,0.0600,0.0600,0.0600,0.0600,0.0600,0.0600,0.0600
2007,Huevos,28,0.0600,0.0600,0.0600,0.0600,0.0600,0.0600,0.0600,0.0600,0.0600,0.0600,0.0700,0.0700
2007,Leche Fluida *,106,0.0800,0.0800,0.0800,0.0800,0.0800,0.0800,0.0800,0.0800,0.0800,0.0800,0.0800,0.0800
2007,Frutas 3_ /,157,0.0800,0.0800,0.0800,0.0800,0.0800,0.0800,0.0900,0.0800,0.0800,0.0800,0.0800,0.0800
2007,Frijoles,79,0.0900,0.0900,0.0900,0.0900,0.0900,0.1000,0.1000,0.1100,0.1100,0.1400,0.1800,0.1600
2007,Verduras 4_ /,127,0.1600,0.1400,0.1400,0.1300,0.1100,0.1100,0.1100,0.1000,0.1100,0.1200,0.1400,0.1200
2007,Azúcar,69,0.0500,0.0500,0.0500,0.0500,0.0500,0.0500,0.0500,0.0500,0.0500,0.0500,0.0500,0.0500
2007,Costo diario por persona,0,1.1500,1.1300,1.1300,1.1200,1.1000,1.1300,1.1600,1.1600,1.1700,1.2100,1.2800,1.2400
2007,más 10% (cocción),0,1.2700,1.2400,1.2400,1.2300,1.2100,1.2400,1.2800,1.2800,1.2900,1.3300,1.4100,1.3600
2007,Costo diario por familia de 3.81 miembros,0,4.8400,4.7200,4.7200,4.6900,4.6100,4.7200,4.8800,4.8800,4.9100,5.0700,5.3700,5.1800
2007,Costo mensual por familia**,0,145.2000,141.6000,141.6000,140.7000,138.3000,141.6000,146.4000,146.4000,147.3000,152.1000,161.1000,155.4000
2008,2008,2008,2008,2008,2008,2008,2008,2008,2008,2008,2008,2008,2008,2008
2008,Pan Francés,49,0.0900,0.1000,0.1100,0.1100,0.1100,0.1200,0.1200,0.1200,0.1200,0.1100,0.1100,0.1100
2008,Tortillas,223,0.1500,0.1500,0.1500,0.1600,0.1600,0.1600,0.1600,0.1600,0.1600,0.1600,0.1500,0.1500
2008,Arroz,55,0.0600,0.0700,0.0700,0.0700,0.0800,0.0800,0.0800,0.0900,0.0900,0.0900,0.0900,0.0900
2008,Carnes 1_ /,60,0.3200,0.3200,0.3200,0.3200,0.3200,0.3300,0.3300,0.3300,0.3400,0.3400,0.3400,0.3500
2008,Grasas 2 _ /,33,0.0600,0.0700,0.0700,0.0700,0.0700,0.0700,0.0800,0.0900,0.0900,0.0900,0.0900,0.0900
2008,Huevos,28,0.0700,0.0700,0.0700,0.0700,0.0700,0.0700,0.0700,0.0800,0.0800,0.0800,0.0800,0.0800
2008,Leche Fluida *,106,0.0900,0.0900,0.0900,0.0900,0.0900,0.0900,0.0900,0.0900,0.0900,0.0900,0.1000,0.1000
2008,Frutas 3_ /,157,0.0800,0.0900,0.0900,0.0800,0.0800,0.0800,0.0900,0.0900,0.0800,0.0900,0.0900,0.0900
2008,Frijoles,79,0.1600,0.1700,0.1600,0.1500,0.1600,0.1800,0.2000,0.2000,0.1700,0.1600,0.1500,0.1500
2008,Verduras 4_ /,127,0.1200,0.1000,0.1000,0.1000,0.1200,0.1300,0.1400,0.1300,0.1400,0.1400,0.1500,0.1600
2008,Azúcar,69,0.0500,0.0500,0.0500,0.0500,0.0500,0.0600,0.0600,0.0600,0.0600,0.0600,0.0600,0.0600
2008,Costo diario por persona,0,1.2500,1.2700,1.2700,1.2800,1.3200,1.3700,1.4300,1.4300,1.4100,1.4100,1.4200,1.4200
2008,más 10% (cocción),0,1.3800,1.4000,1.4000,1.4100,1.4600,1.5100,1.5700,1.5700,1.5500,1.5500,1.5600,1.5700
2008,Costo diario por familia de 3.82 miembros,0,5.2700,5.3300,5.3400,5.3700,5.5700,5.7800,6.0100,6.0100,5.9400,5.9200,5.9600,5.9800
2008,Costo mensual por familia**,0,158.2300,160.0500,160.1800,161.2100,167.0100,173.2800,180.2100,180.2100,178.1100,177.6000,178.7700,179.4200
2009,2009,2009,2009,2009,2009,2009,2009,2009,2009,2009,2009,2009,2009,2009
2009,Pan Francés,49,0.1100,0.1200,0.1200,0.1100,0.1100,0.1100,0.1100,0.1100,0.1100,0.1100,0.1200,0.1100
2009,Tortillas,223,0.1500,0.1500,0.1500,0.1500,0.1500,0.1500,0.1500,0.1500,0.1400,0.1400,0.1400,0.1400
2009,Arroz,55,0.0900,0.0800,0.0800,0.0800,0.0800,0.0800,0.0800,0.0800,0.0800,0.0800,0.0800,0.0800
2009,Carnes 1_ /,60,0.3500,0.3500,0.3500,0.3500,0.3500,0.3500,0.3500,0.3500,0.3500,0.3500,0.3500,0.3500
2009,Grasas 2 _ /,33,0.0900,0.0900,0.0900,0.0800,0.0800,0.0800,0.0800,0.0800,0.0800,0.0800,0.0800,0.0800
2009,Huevos,28,0.0800,0.0800,0.0800,0.0800,0.0800,0.0800,0.0800,0.0800,0.0800,0.0800,0.0800,0.0800
2009,Leche Fluida *,106,0.1000,0.1000,0.1000,0.1000,0.1000,0.1000,0.1000,0.1000,0.1000,0.1000,0.1000,0.1000
2009,Frutas 3_ /,157,0.0900,0.1000,0.1000,0.1000,0.1000,0.1000,0.1000,0.1000,0.1000,0.1000,0.0900,0.0900
2009,Frijoles,79,0.1300,0.1300,0.1300,0.1200,0.1200,0.1200,0.1200,0.1100,0.1000,0.1000,0.1000,0.1000
2009,Verduras 4_ /,127,0.1300,0.1100,0.1000,0.1000,0.1100,0.1100,0.1200,0.1200,0.1300,0.1200,0.1100,0.1100
2009,Azúcar,69,0.0600,0.0600,0.0600,0.0600,0.0600,0.0600,0.0600,0.0600,0.0600,0.0600,0.0600,0.0600
2009,Costo diario por persona,0,1.3900,1.3800,1.3600,1.3400,1.3500,1.3500,1.3400,1.3300,1.3300,1.3200,1.3100,1.3100
2009,más 10% (cocción),0,1.5300,1.5100,1.5000,1.4700,1.4900,1.4900,1.4800,1.4700,1.4600,1.4500,1.4400,1.4400
2009,Costo diario por familia de 3.79 miembros,0,5.8100,5.7300,5.6700,5.5900,5.6400,5.6300,5.6000,5.5700,5.5400,5.5100,5.4700,5.4400
2009,Costo mensual por familia**,0,174.2400,172.0500,170.0900,167.6200,169.0600,168.9300,168.0000,166.9700,166.1800,165.2900,164.1300,163.3400
2010,2010,2010,2010,2010,2010,2010,2010,2010,2010,2010,2010,2010,2010,2010
2010,Pan Francés,49,0.1100,0.1100,0.1000,0.1100,0.1100,0.1100,0.1100,0.1100,0.1100,0.1100,0.1100,0.1100
2010,Tortillas,223,0.1400,0.1400,0.1600,0.1400,0.1400,0.1500,0.1500,0.1500,0.1500,0.1500,0.1500,0.1500
2010,Arroz,55,0.0800,0.0700,0.0700,0.0700,0.0700,0.0800,0.0700,0.0700,0.0700,0.0700,0.0700,0.0700
2010,Carnes 1_ /,60,0.3400,0.3300,0.3300,0.3400,0.3300,0.3400,0.3400,0.3300,0.3300,0.3300,0.3300,0.3300
2010,Grasas 2 _ /,33,0.0700,0.0700,0.0800,0.0700,0.0700,0.0700,0.0700,0.0800,0.0800,0.0800,0.0800,0.0800
2010,Huevos,28,0.0800,0.0900,0.0800,0.0800,0.0800,0.0800,0.0800,0.0700,0.0700,0.0800,0.0800,0.0800
2010,Leche Fluida *,106,0.0800,0.0800,0.0800,0.0800,0.0800,0.0800,0.0800,0.0800,0.0900,0.0900,0.0900,0.0900
2010,Frutas 3_ /,157,0.1000,0.1000,0.1000,0.0900,0.0900,0.0900,0.1000,0.1000,0.1000,0.1000,0.1000,0.1100
2010,Frijoles,79,0.1000,0.1000,0.1000,0.1000,0.1000,0.1100,0.1100,0.1200,0.1500,0.1900,0.2200,0.2100
2010,Verduras 4_ /,127,0.1400,0.1500,0.1700,0.1700,0.1600,0.2000,0.1900,0.1600,0.1600,0.1800,0.1800,0.1600
2010,Azúcar,69,0.0600,0.0600,0.0600,0.0600,0.0600,0.0600,0.0600,0.0600,0.0600,0.0600,0.0600,0.0600
2010,Costo diario por persona,0,1.3100,1.3200,1.3400,1.3200,1.3100,1.3700,1.3600,1.3500,1.3800,1.4300,1.4600,1.4600
2010,más 10% (cocción),0,1.4400,1.4500,1.4800,1.4600,1.4400,1.5000,1.5000,1.4800,1.5200,1.5700,1.6100,1.6000
2010,Costo diario por familia de 3.73 miembros,0,5.3600,5.4300,5.5100,5.4300,5.3500,5.6100,5.5900,5.5300,5.6600,5.8700,6.0000,5.9700
2010,Costo mensual por familia**,0,160.8700,162.7900,165.3600,162.9300,160.6300,168.1700,167.7900,165.8700,169.8200,176.0900,179.9300,179.1800
2011,2011,2011,2011,2011,2011,2011,2011,2011,2011,2011,2011,2011,2011,2011
2011,Pan Francés,49,0.1000,0.1100,0.1100,0.1100,0.1100,0.1100,0.1100,0.1100,0.1100,0.1100,0.1100,0.1000
2011,Tortillas,223,0.1600,0.1700,0.1700,0.1900,0.2000,0.2100,0.2100,0.2100,0.2100,0.2100,0.2000,0.2000
2011,Arroz,55,0.0700,0.0700,0.0700,0.0700,0.0700,0.0700,0.0700,0.0700,0.0700,0.0700,0.0700,0.0700
2011,Carnes 1_ /,60,0.3300,0.3400,0.3400,0.3300,0.3300,0.3400,0.3400,0.3400,0.3400,0.3400,0.3400,0.3400
2011,Grasas 2 _ /,33,0.0800,0.0800,0.0800,0.0800,0.0800,0.0900,0.0900,0.0900,0.0900,0.0900,0.0900,0.0900
2011,Huevos,28,0.0800,0.0800,0.0800,0.0800,0.0800,0.0800,0.0800,0.0800,0.0800,0.0800,0.0800,0.0800
2011,Leche Fluida *,106,0.0900,0.0900,0.0900,0.0900,0.0900,0.0900,0.0900,0.0900,0.0900,0.0900,0.0900,0.0900
2011,Frutas 3_ /,157,0.1100,0.1100,0.1100,0.1200,0.1300,0.1100,0.1100,0.1100,0.1100,0.1100,0.1100,0.1100
2011,Frijoles,79,0.2300,0.2300,0.2200,0.2200,0.2200,0.2200,0.2200,0.2000,0.1800,0.1700,0.1600,0.1500
2011,Verduras 4_ /,127,0.1400,0.1200,0.1100,0.1200,0.1300,0.1400,0.1600,0.1600,0.1400,0.1500,0.1700,0.1600
2011,Azúcar,69,0.0600,0.0600,0.0600,0.0600,0.0600,0.0600,0.0600,0.0700,0.0700,0.0700,0.0600,0.0600
2011,Costo diario por persona,0,1.4500,1.4500,1.4400,1.4800,1.5100,1.5200,1.5400,1.5300,1.4900,1.4800,1.4800,1.4600
2011,más 10% (cocción),0,1.6000,1.6000,1.5900,1.6300,1.6600,1.6800,1.7000,1.6800,1.6400,1.6200,1.6300,1.6000
2011,Costo diario por familia de 3.73 miembros,0,5.9600,5.9600,5.9200,6.0700,6.2100,6.2500,6.3300,6.2800,6.1000,6.0500,6.0800,5.9800
2011,Costo mensual por familia**,0,178.9000,178.9000,177.6300,181.9900,186.2100,187.6100,189.7700,188.5000,183.0200,181.6100,182.5000,179.4200
2012,2012,2012,2012,2012,2012,2012,2012,2012,2012,2012,2012,2012,2012,2012
2012,Pan Francés,49,0.1000,0.1000,0.1000,0.1000,0.0900,0.0900,0.0900,0.1000,0.1000,0.1100,0.1100,0.1100
2012,Tortillas,223,0.1900,0.1900,0.1900,0.1900,0.1800,0.1800,0.1700,0.1800,0.1800,0.1700,0.1700,0.1700
2012,Arroz,55,0.0700,0.0700,0.0700,0.0700,0.0700,0.0700,0.0700,0.0700,0.0700,0.0700,0.0700,0.0700
2012,Carnes 1_ /,60,0.3400,0.3400,0.3400,0.3400,0.3500,0.3500,0.3600,0.3600,0.3600,0.3600,0.3600,0.3600
2012,Grasas 2 _ /,33,0.0900,0.0900,0.0900,0.0900,0.0900,0.0900,0.0900,0.0900,0.0900,0.0900,0.0900,0.0900
2012,Huevos,28,0.0800,0.0800,0.0800,0.0800,0.0800,0.0800,0.0800,0.0800,0.0800,0.0800,0.0800,0.0800
2012,Leche Fluida *,106,0.0900,0.0900,0.0900,0.0900,0.0900,0.0900,0.0900,0.0900,0.0900,0.0900,0.0900,0.0900
2012,Frutas 3_ /,157,0.1100,0.1100,0.1100,0.1100,0.1100,0.1100,0.1100,0.1100,0.1100,0.1100,0.1100,0.1100
2012,Frijoles,79,0.1500,0.1400,0.1400,0.1400,0.1400,0.1400,0.1300,0.1300,0.1300,0.1300,0.1200,0.1200
2012,Verduras 4_ /,127,0.1600,0.1500,0.1400,0.1500,0.1400,0.1500,0.1500,0.1400,0.1300,0.1300,0.1300,0.1300
2012,Azúcar,69,0.0600,0.0700,0.0700,0.0700,0.0700,0.0700,0.0700,0.0700,0.0700,0.0700,0.0600,0.0700
2012,Costo diario por persona,0,1.4400,1.4300,1.4300,1.4300,1.4200,1.4300,1.4200,1.4100,1.4100,1.4100,1.4100,1.4100
2012,más 10% (cocción),0,1.5800,1.5700,1.5700,1.5700,1.5600,1.5700,1.5600,1.5500,1.5500,1.5500,1.5500,1.5500
2012,Costo diario por familia de 3.73 miembros,0,5.9000,5.8600,5.8500,5.8600,5.8200,5.8500,5.8100,5.7800,5.7800,5.7700,5.8000,5.7700
2012,Costo mensual por familia**,0,176.9800,175.7100,175.4700,175.7100,174.5500,175.4700,174.4500,173.2800,173.4200,173.1400,173.9300,173.0400
2013,2013,2013,2013,2013,2013,2013,2013,2013,2013,2013,2013,2013,2013,2013
2013,Pan Francés,49,0.1100,0.1100,0.1100,0.1100,0.1100,0.1100,0.1100,0.1100,0.1100,0.1100,0.1100,0.1100
2013,Tortillas,223,0.1700,0.1700,0.1700,0.1700,0.1700,0.1700,0.1600,0.1700,0.1700,0.1600,0.1600,0.1600
2013,Arroz,55,0.0700,0.0700,0.0700,0.0700,0.0700,0.0700,0.0700,0.0700,0.0700,0.0700,0.0700,0.0700
2013,Carnes 1_ /,60,0.3700,0.3700,0.3700,0.3700,0.3700,0.3800,0.3800,0.3800,0.3800,0.3900,0.3900,0.3900
2013,Grasas 2 _ /,33,0.0900,0.0900,0.0900,0.0900,0.0900,0.0900,0.0900,0.0800,0.0800,0.0800,0.0800,0.0800
2013,Huevos,28,0.0800,0.0800,0.0800,0.0800,0.0800,0.0800,0.0800,0.0800,0.0800,0.0800,0.0800,0.0800
2013,Leche Fluida *,106,0.0900,0.0900,0.0900,0.0900,0.0900,0.0900,0.0900,0.0900,0.0900,0.0900,0.0900,0.0900
2013,Frutas 3_ /,157,0.1100,0.1100,0.1100,0.1100,0.1100,0.1100,0.1200,0.1100,0.1100,0.1100,0.1000,0.1100
2013,Frijoles,79,0.1100,0.1100,0.1100,0.1100,0.1000,0.1000,0.1000,0.1000,0.1000,0.1000,0.1000,0.1000
2013,Verduras 4_ /,127,0.1400,0.1500,0.1500,0.1500,0.1600,0.1600,0.1600,0.1500,0.1500,0.1500,0.1600,0.1500
2013,Azúcar,69,0.0700,0.0700,0.0700,0.0700,0.0700,0.0700,0.0700,0.0700,0.0700,0.0700,0.0700,0.0700
2013,Costo diario por persona,0,1.4100,1.4100,1.4200,1.4200,1.4200,1.4300,1.4300,1.4200,1.4200,1.4100,1.4100,1.4100
2013,más 10% (cocción),0,1.5500,1.5600,1.5600,1.5600,1.5600,1.5700,1.5700,1.5600,1.5600,1.5500,1.5500,1.5600
2013,Costo diario por familia de 3.73 miembros,0,5.7800,5.8100,5.8300,5.8200,5.8200,5.8500,5.8500,5.8200,5.8100,5.7900,5.8000,5.8100
2013,Costo mensual por familia**,0,173.2800,174.1700,174.9600,174.5500,174.6900,175.5800,175.4700,174.5500,174.4500,173.5500,173.9300,174.1700
2014,2014,2014,2014,2014,2014,2014,2014,2014,2014,2014,2014,2014,2014,2014
2014,Pan Francés,49,0.1100,0.1100,0.1100,0.1100,0.1100,0.1100,0.1100,0.1100,0.1100,0.1100,0.1200,0.1200
2014,Tortillas,223,0.1600,0.1600,0.1600,0.1600,0.1600,0.1600,0.1600,0.1700,0.1600,0.1600,0.1600,0.1600
2014,Arroz,55,0.0700,0.0700,0.0700,0.0700,0.0700,0.0700,0.0700,0.0700,0.0700,0.0700,0.0700,0.0700
2014,Carnes 1_ /,60,0.3900,0.3900,0.3900,0.3900,0.3900,0.4000,0.4000,0.4000,0.4000,0.4000,0.4100,0.4200
2014,Grasas 2 _ /,33,0.0800,0.0800,0.0800,0.0800,0.0800,0.0800,0.0800,0.0800,0.0800,0.0800,0.0800,0.0800
2014,Huevos,28,0.0800,0.0800,0.0800,0.0800,0.0800,0.0800,0.0800,0.0800,0.0800,0.0800,0.0800,0.0800
2014,Leche Fluida *,106,0.0900,0.0900,0.0900,0.0900,0.0900,0.0900,0.0900,0.0900,0.0900,0.0900,0.0900,0.0900
2014,Frutas 3_ /,157,0.1100,0.1100,0.1100,0.1100,0.1100,0.1100,0.1200,0.1100,0.1100,0.1200,0.1100,0.1200
2014,Frijoles,79,0.1000,0.1000,0.1100,0.1200,0.1500,0.1600,0.1900,0.2200,0.2300,0.2300,0.2000,0.1800
2014,Verduras 4_ /,127,0.1600,0.1600,0.1500,0.1400,0.1400,0.1600,0.1700,0.1600,0.1500,0.1500,0.1500,0.1500
2014,Azúcar,69,0.0700,0.0700,0.0700,0.0700,0.0700,0.0700,0.0700,0.0700,0.0700,0.0700,0.0700,0.0700
2014,Costo diario por persona,0,1.4300,1.4300,1.4200,1.4300,1.4700,1.5000,1.5400,1.5600,1.5500,1.5700,1.5600,1.5500
2014,más 10% (cocción),0,1.5700,1.5700,1.5700,1.5800,1.6100,1.6500,1.6900,1.7200,1.7100,1.7300,1.7100,1.7000
2014,Costo diario por familia de 3.73 miembros,0,5.8500,5.8500,5.8400,5.8800,6.0200,6.1600,6.3200,6.4200,6.3700,6.4400,6.3900,6.3500
2014,Costo mensual por familia**,0,175.5800,175.4700,175.3400,176.3700,180.5800,184.8000,189.5300,192.5800,191.0700,193.1000,191.8300,190.4200
2015,2015,2015,2015,2015,2015,2015,2015,2015,2015,2015,2015,2015,2015,2015
2015,Pan Francés,49,0.1200,0.1200,0.1200,0.1200,0.1200,0.1200,0.1200,0.1200,0.1300,0.1200,0.1200,0.1400
2015,Tortillas,223,0.1600,0.1800,0.1800,0.1800,0.1800,0.2000,0.2000,0.2100,0.2000,0.2000,0.1900,0.2000
2015,Arroz,55,0.0700,0.0800,0.0800,0.0800,0.0800,0.0700,0.0700,0.0700,0.0700,0.0800,0.0800,0.0800
2015,Carnes 1_ /,60,0.4200,0.4400,0.4400,0.4500,0.4500,0.4600,0.4600,0.4600,0.4600,0.4600,0.4600,0.4600
2015,Grasas 2 _ /,33,0.0800,0.0800,0.0800,0.0800,0.0800,0.0800,0.0800,0.0800,0.0700,0.0800,0.0800,0.0800
2015,Huevos,28,0.0900,0.0800,0.0800,0.0800,0.0900,0.0800,0.0800,0.0800,0.0800,0.0800,0.0800,0.0800
2015,Leche Fluida *,106,0.0900,0.0900,0.1000,0.1000,0.1000,0.1000,0.1000,0.1000,0.1000,0.1000,0.1000,0.1000
2015,Frutas 3_ /,157,0.1100,0.1200,0.1200,0.1200,0.1200,0.1200,0.1200,0.1200,0.1300,0.1300,0.1200,0.1200
2015,Frijoles,79,0.1900,0.1900,0.1900,0.1900,0.1800,0.1800,0.1900,0.1900,0.1800,0.1700,0.1600,0.1500
2015,Verduras 4_ /,127,0.1400,0.1400,0.1400,0.1400,0.1500,0.1600,0.1600,0.1600,0.1600,0.1700,0.1800,0.1800
2015,Azúcar,69,0.0700,0.0700,0.0700,0.0700,0.0700,0.0700,0.0700,0.0700,0.0700,0.0700,0.0700,0.0700
2015,Costo diario por persona,0,1.5500,1.5700,1.6000,1.6300,1.6300,1.6500,1.6700,1.6700,1.6600,1.6500,1.6400,1.6600
2015,más 10% (cocción),0,1.7000,1.7300,1.7600,1.7900,1.8000,1.8200,1.8300,1.8400,1.8200,1.8200,1.8100,1.8200
2015,Costo diario por familia de 3.73 miembros,0,6.3600,6.4500,6.5500,6.6800,6.7000,6.7900,6.8400,6.8600,6.8000,6.7800,6.7400,6.8000
2015,Costo mensual por familia**,0,190.6600,193.6100,196.5600,200.2600,200.9100,203.5900,205.2700,205.8900,204.1000,203.4500,202.1800,203.8600
2016,2016,2016,2016,2016,2016,2016,2016,2016,2016,2016,2016,2016,2016,2016
2016,Pan Francés,49,0.1200,0.1400,0.1300,0.1300,0.1300,0.1100,0.1300,0.1200,0.1300,0.1300,0.1300,0.1300
2016,Tortillas,223,0.2000,0.1900,0.1900,0.1900,0.1900,0.1900,0.1900,0.1900,0.2000,0.1900,0.1900,0.1800
2016,Arroz,55,0.0800,0.0800,0.0800,0.0800,0.0700,0.0700,0.0700,0.0700,0.0700,0.0700,0.0700,0.0700
2016,Carnes 1_ /,60,0.4600,0.4600,0.4600,0.4500,0.4600,0.4600,0.4600,0.4600,0.4600,0.4600,0.4600,0.4600
2016,Grasas 2 _ /,33,0.0800,0.0800,0.0800,0.0800,0.0800,0.0800,0.0700,0.0700,0.0700,0.0700,0.0700,0.0700
2016,Huevos,28,0.0800,0.0800,0.0800,0.0800,0.0800,0.0800,0.0800,0.0800,0.0800,0.0800,0.0800,0.0800
2016,Leche Fluida *,106,0.1000,0.1000,0.1000,0.1000,0.1000,0.1000,0.1000,0.1000,0.1000,0.1000,0.1000,0.1000
2016,Frutas 3_ /,157,0.1300,0.1200,0.1300,0.1200,0.1300,0.1200,0.1300,0.1300,0.1300,0.1300,0.1200,0.1200
2016,Frijoles,79,0.1600,0.1500,0.1500,0.1500,0.1500,0.1500,0.1500,0.1500,0.1500,0.1400,0.1400,0.1400
2016,Verduras 4_ /,127,0.2000,0.2000,0.1800,0.1700,0.1800,0.1800,0.1800,0.1700,0.1600,0.1600,0.1600,0.1500
2016,Azúcar,69,0.0700,0.0800,0.0700,0.0700,0.0700,0.0700,0.0700,0.0700,0.0700,0.0700,0.0700,0.0700
2016,Costo diario por persona,0,1.6800,1.6700,1.6400,1.6200,1.6400,1.6200,1.6300,1.6200,1.6100,1.6000,1.6000,1.5800
2016,más 10% (cocción),0,1.8500,1.8300,1.8000,1.7800,1.8000,1.7800,1.7900,1.7800,1.7800,1.7600,1.7600,1.7400
2016,Costo diario por familia de 3.73 miembros,0,6.8800,6.8400,6.7200,6.6600,6.7200,6.6300,6.6800,6.6400,6.6200,6.5500,6.5600,6.4900
2016,Costo mensual por familia**,0,206.5400,205.1300,201.5300,199.7000,201.5500,198.8300,200.4500,199.2100,198.6300,196.6500,196.9700,194.5800
2017,2017,2017,2017,2017,2017,2017,2017,2017,2017,2017,2017,2017,2017,2017
2017,Pan Francés,49,0.1100,0.1200,0.1100,0.1300,0.1200,0.1200,0.1200,0.1200,0.1200,0.1200,0.1300,0.1200
2017,Tortillas,223,0.1900,0.1900,0.1800,0.2000,0.1700,0.1800,0.1900,0.1800,0.1800,0.1800,0.1800,0.1800
2017,Arroz,55,0.0700,0.0700,0.0700,0.0700,0.0700,0.0800,0.0700,0.0700,0.0700,0.0700,0.0700,0.0700
2017,Carnes 1_ /,60,0.4600,0.4600,0.4600,0.4500,0.4600,0.4500,0.4500,0.4500,0.4500,0.4500,0.4500,0.4500
2017,Grasas 2 _ /,33,0.0800,0.0700,0.0800,0.0700,0.0700,0.0800,0.0800,0.0800,0.0800,0.0800,0.0800,0.0800
2017,Huevos,28,0.0800,0.0800,0.0800,0.0800,0.0800,0.0800,0.0800,0.0900,0.0900,0.0900,0.0900,0.0900
2017,Leche Fluida *,106,0.1000,0.1000,0.1000,0.0900,0.0900,0.1000,0.1000,0.1000,0.0900,0.0900,0.1000,0.1000
2017,Frutas 3_ /,157,0.1200,0.1200,0.1300,0.1300,0.1300,0.1300,0.1300,0.1300,0.1200,0.1300,0.1300,0.1400
2017,Frijoles,79,0.1400,0.1400,0.1400,0.1400,0.1400,0.1400,0.1500,0.1400,0.1400,0.1400,0.1400,0.1400
2017,Verduras 4_ /,127,0.1600,0.1600,0.1500,0.1600,0.1700,0.1900,0.2200,0.1900,0.1800,0.1900,0.2000,0.1900
2017,Azúcar,69,0.0700,0.0700,0.0700,0.0700,0.0700,0.0700,0.0700,0.0700,0.0700,0.0700,0.0700,0.0700
2017,Costo diario por persona,0,1.5800,1.6000,1.5800,1.6100,1.5900,1.6100,1.6500,1.6200,1.6000,1.6100,1.6200,1.6300
2017,más 10% (cocción),0,1.7400,1.7600,1.7400,1.7700,1.7400,1.7700,1.8200,1.7800,1.7600,1.7700,1.7900,1.7900
2017,Costo diario por familia de 3.73 miembros,0,6.4900,6.5600,6.4900,6.6100,6.5100,6.6200,6.7800,6.6400,6.5600,6.5900,6.6600,6.6800
2017,Costo mensual por familia**,0,194.5700,196.6900,194.7500,198.2000,195.2000,198.4500,203.5100,199.2000,196.8700,197.7900,199.7700,200.3900
2018,2018,2018,2018,2018,2018,2018,2018,2018,2018,2018,2018,2018,2018,2018
2018,Pan Francés,49,0.1200,0.1200,0.1200,0.1200,0.1200,0.1200,0.1200,0.1200,0.1200,0.1200,0.1300,0.1200
2018,Tortillas,223,0.1800,0.1800,0.1900,0.1900,0.1800,0.1900,0.1900,0.2100,0.2100,0.2100,0.2100,0.2100
2018,Arroz,55,0.0700,0.0700,0.0700,0.0700,0.0700,0.0700,0.0800,0.0800,0.0800,0.0800,0.0800,0.0800
2018,Carnes 1_ /,60,0.4500,0.4500,0.4500,0.4500,0.4500,0.4500,0.4500,0.4500,0.4500,0.4500,0.4500,0.4500
2018,Grasas 2 _ /,33,0.0800,0.0800,0.0800,0.0800,0.0800,0.0800,0.0800,0.0800,0.0800,0.0800,0.0800,0.0800
2018,Huevos,28,0.0900,0.0900,0.0800,0.0900,0.0800,0.0800,0.0800,0.0800,0.0800,0.0800,0.0800,0.0800
2018,Leche Fluida *,106,0.1000,0.1000,0.1000,0.0900,0.0900,0.0900,0.1000,0.0900,0.0900,0.0900,0.1000,0.1000
2018,Frutas 3_ /,157,0.1500,0.1400,0.1300,0.1400,0.1400,0.1400,0.1400,0.1400,0.1300,0.1300,0.1300,0.1300
2018,Frijoles,79,0.1400,0.1400,0.1500,0.1400,0.1400,0.1400,0.1400,0.1400,0.1400,0.1400,0.1500,0.1400
2018,Verduras 4_ /,127,0.1800,0.1600,0.1500,0.1600,0.1600,0.1800,0.1700,0.1700,0.1700,0.1700,0.1800,0.1700
2018,Azúcar,69,0.0700,0.0700,0.0700,0.0700,0.0700,0.0700,0.0700,0.0700,0.0700,0.0700,0.0700,0.0700
2018,Costo diario por persona,0,1.6300,1.6000,1.6000,1.6000,1.6000,1.6100,1.6300,1.6200,1.6200,1.6200,1.6500,1.6300
2018,más 10% (cocción),0,1.7900,1.7600,1.7600,1.7600,1.7600,1.7800,1.7900,1.7800,1.7800,1.7900,1.8100,1.8000
2018,Costo diario por familia de 3.73 miembros,0,6.6700,6.5800,6.5500,6.5700,6.5500,6.6300,6.6900,6.6600,6.6500,6.6600,6.7600,6.7000
2018,Costo mensual por familia**,0,200.1900,197.5000,196.5300,197.1500,196.5700,198.7600,200.7600,199.7300,199.3600,199.7400,202.9000,200.8600
2019,2019,2019,2019,2019,2019,2019,2019,2019,2019,2019,2019,2019,2019,2019
2019,Pan Francés,49,0.1200,0.1300,0.1200,0.1100,0.1200,0.1200,0.1200,0.1200,0.1100,0.1100,0.1200,0.1200
2019,Tortillas,223,0.2000,0.1900,0.2000,0.2000,0.2000,0.2000,0.2000,0.2000,0.2000,0.2000,0.1900,0.1900
2019,Arroz,55,0.0800,0.0800,0.0800,0.0800,0.0800,0.0800,0.0800,0.0800,0.0800,0.0800,0.0800,0.0800
2019,Carnes 1_ /,60,0.4500,0.4400,0.4400,0.4400,0.4400,0.4500,0.4400,0.4400,0.4500,0.4500,0.4500,0.4500
2019,Grasas 2 _ /,33,0.0800,0.0800,0.0800,0.0800,0.0800,0.0800,0.0800,0.0800,0.0800,0.0800,0.0800,0.0800
2019,Huevos,28,0.0800,0.0900,0.0800,0.0900,0.0900,0.0900,0.0900,0.0800,0.0900,0.0900,0.0900,0.0900
2019,Leche Fluida *,106,0.1000,0.1000,0.0900,0.0900,0.0900,0.0900,0.0900,0.0900,0.0900,0.0900,0.0900,0.0900
2019,Frutas 3_ /,157,0.1300,0.1300,0.1400,0.1500,0.1300,0.1300,0.1300,0.1400,0.1400,0.1300,0.1300,0.1300
2019,Frijoles,79,0.1400,0.1400,0.1400,0.1400,0.1400,0.1300,0.1300,0.1400,0.1400,0.1500,0.1500,0.1400
2019,Verduras 4_ /,127,0.1900,0.1900,0.1800,0.1900,0.1900,0.2100,0.2000,0.1800,0.1700,0.1700,0.1800,0.1900
2019,Azúcar,69,0.0700,0.0700,0.0700,0.0700,0.0700,0.0700,0.0700,0.0700,0.0700,0.0700,0.0700,0.0700
2019,Costo diario por persona,0,1.6300,1.6300,1.6300,1.6300,1.6200,1.6400,1.6300,1.6200,1.6100,1.6100,1.6200,1.6200
2019,más 10% (cocción),0,1.8000,1.7900,1.7900,1.7900,1.7900,1.8100,1.7900,1.7800,1.7700,1.7700,1.7800,1.7800
2019,Costo diario por familia de 3.73 miembros,0,6.7000,6.6900,6.6700,6.6800,6.6600,6.7500,6.6900,6.6500,6.6200,6.6000,6.6500,6.6400
2019,Costo mensual por familia**,0,200.9600,200.5800,200.1900,200.5300,199.8400,202.3700,200.6800,199.4900,198.5400,198.1400,199.6300,199.3000
2020,2020,2020,2020,2020,2020,2020,2020,2020,2020,2020,2020,2020,2020,2020
2020,Pan Francés,49,0.1100,0.1100,0.1200,0.1200,0.1300,0.1300,0.1300,0.1200,0.1200,0.1200,0.1200,0.1200
2020,Tortillas,223,0.2000,0.2000,0.2000,0.1900,0.1900,0.2100,0.1900,0.1900,0.1900,0.1800,0.2000,0.1900
2020,Arroz,55,0.0800,0.0800,0.0800,0.0800,0.0800,0.0800,0.0800,0.0800,0.0800,0.0800,0.0700,0.0700
2020,Carnes 1_ /,60,0.4500,0.4500,0.4400,0.4500,0.4400,0.4400,0.4400,0.4500,0.4400,0.4400,0.4400,0.4400
2020,Grasas 2 _ /,33,0.0800,0.0800,0.0800,0.0800,0.0800,0.0800,0.0800,0.0800,0.0800,0.0800,0.0800,0.0800
2020,Huevos,28,0.0900,0.0900,0.0800,0.0900,0.0900,0.0900,0.0900,0.0800,0.0800,0.0800,0.0800,0.0800
2020,Leche Fluida *,106,0.0900,0.0900,0.0900,0.0900,0.0900,0.0900,0.0900,0.0900,0.0900,0.0900,0.0900,0.0900
2020,Frutas 3_ /,157,0.1300,0.1300,0.1200,0.1300,0.1500,0.1400,0.1300,0.1300,0.1300,0.1300,0.1200,0.1300
2020,Frijoles,79,0.1500,0.1400,0.1500,0.1500,0.1600,0.1800,0.1900,0.1700,0.1600,0.1600,0.1600,0.1500
2020,Verduras 4_ /,127,0.1900,0.1800,0.1900,0.2000,0.2200,0.2300,0.2200,0.1900,0.1800,0.1800,0.1900,0.1800
2020,Azúcar,69,0.0700,0.0700,0.0700,0.0700,0.0700,0.0700,0.0700,0.0700,0.0700,0.0700,0.0700,0.0700
2020,Costo diario por persona,0,1.6300,1.6200,1.6200,1.6400,1.7000,1.7200,1.7000,1.6600,1.6300,1.6100,1.6300,1.6100
2020,más 10% (cocción),0,1.7900,1.7800,1.7800,1.8000,1.8800,1.8900,1.8700,1.8200,1.7900,1.7700,1.7900,1.7700
2020,Costo diario por familia de 3.73 miembros,0,6.6800,6.6400,6.6300,6.7100,6.9900,7.0500,6.9800,6.7900,6.6900,6.5900,6.6800,6.6000
2020,Costo mensual por familia**,0,200.4100,199.2400,198.9000,201.2600,209.8300,211.4400,209.3300,203.7200,200.6500,197.6900,200.5400,198.1400
2021,2021,2021,2021,2021,2021,2021,2021,2021,2021,2021,2021,2021,2021,2021
2021,Pan Francés,49,0.1200,0.1300,0.1300,0.1100,0.1200,0.1300,0.1300,0.1400,0.1400,0.1400,0.1500,0.1500
2021,Tortillas,223,0.1800,0.1900,0.1900,0.1900,0.1900,0.2000,0.2000,0.2000,0.2000,0.2100,0.2100,0.2000
2021,Arroz,55,0.0700,0.0800,0.0700,0.0800,0.0700,0.0800,0.0700,0.0800,0.0700,0.0800,0.0800,0.0800
2021,Carnes 1_ /,60,0.4500,0.4500,0.4500,0.4600,0.4600,0.4500,0.4600,0.4600,0.4600,0.4700,0.4600,0.4600
2021,Grasas 2 _ /,33,0.0800,0.0800,0.0900,0.0800,0.0800,0.0800,0.0900,0.0900,0.0900,0.0900,0.0900,0.1000
2021,Huevos,28,0.0800,0.0800,0.0800,0.0800,0.0800,0.0800,0.0900,0.0900,0.0900,0.0900,0.0900,0.1000
2021,Leche Fluida *,106,0.0900,0.0900,0.0900,0.1000,0.0900,0.0900,0.0900,0.0900,0.0900,0.0900,0.0900,0.0900
2021,Frutas 3_ /,157,0.1300,0.1300,0.1400,0.1400,0.1400,0.1400,0.1400,0.1300,0.1300,0.1300,0.1300,0.1300
2021,Frijoles,79,0.1600,0.1600,0.1600,0.1500,0.1500,0.1500,0.1400,0.1500,0.1500,0.1500,0.1500,0.1500
2021,Verduras 4_ /,127,0.1700,0.1700,0.1600,0.1700,0.1700,0.1800,0.1700,0.1700,0.1800,0.2100,0.2100,0.1900
2021,Azúcar,69,0.0700,0.0700,0.0700,0.0700,0.0700,0.0700,0.0700,0.0700,0.0700,0.0700,0.0700,0.0800
2021,Costo diario por persona,0,1.6200,1.6300,1.6400,1.6300,1.6300,1.6600,1.6500,1.6600,1.6700,1.7300,1.7400,1.7200
2021,más 10% (cocción),0,1.7800,1.7900,1.8000,1.7900,1.8000,1.8200,1.8100,1.8300,1.8400,1.9000,1.9100,1.8900
2021,Costo diario por familia de 3.73 miembros,0,6.6400,6.6800,6.7100,6.6700,6.7000,6.7900,6.7600,6.8200,6.8500,7.0800,7.1400,7.0600
2021,Costo mensual por familia**,0,199.2400,200.4100,201.3100,200.1300,201.0400,203.7200,202.7000,204.7500,205.4300,212.5500,214.1400,211.8100
2022,2022,2022,2022,2022,2022,2022,2022,2022,2022,2022,2022,2022,2022,2022
2022,Pan Francés,49,0.1457,0.1524,0.1660,0.1637,0.1580,0.1656,0.1813,0.1672,0.1806,0.1697,0.1683,0.1626
2022,Tortillas,223,0.2148,0.2115,0.2144,0.2274,0.2196,0.2416,0.2518,0.2550,0.2408,0.2613,0.2572,0.2520
2022,Arroz,55,0.0759,0.0757,0.0775,0.0778,0.0803,0.0809,0.0843,0.0837,0.0840,0.0837,0.0830,0.0810
2022,Carnes 1_ /,60,0.4570,0.4648,0.4654,0.4725,0.4722,0.4709,0.4766,0.4766,0.4769,0.4748,0.4726,0.4908
2022,Grasas 2 _ /,33,0.0973,0.0990,0.0998,0.1028,0.1082,0.1079,0.1102,0.1134,0.1137,0.1164,0.1181,0.1193
2022,Huevos,28,0.0923,0.0907,0.0882,0.0894,0.0936,0.0976,0.0998,0.0958,0.0955,0.0998,0.1033,0.1020
2022,Leche Fluida *,106,0.0939,0.0988,0.1026,0.1061,0.1096,0.1118,0.1057,0.1118,0.1122,0.1096,0.1141,0.1115
2022,Frutas 3_ /,157,0.1298,0.1277,0.1394,0.1337,0.1327,0.1349,0.1366,0.1394,0.1388,0.1349,0.1374,0.1417
2022,Frijoles,79,0.1614,0.1644,0.1686,0.1690,0.1791,0.1901,0.1874,0.1920,0.1907,0.1994,0.2089,0.2079
2022,Verduras 4_ /,127,0.1883,0.1876,0.1947,0.1984,0.2163,0.2329,0.2271,0.2288,0.2217,0.2206,0.2139,0.2063
2022,Azúcar,69,0.0776,0.0777,0.0783,0.0779,0.0778,0.0788,0.0784,0.0776,0.0778,0.0785,0.0783,0.0775
2022,Costo diario por persona,0,1.7339,1.7503,1.7950,1.8187,1.8473,1.9130,1.9393,1.9413,1.9327,1.9487,1.9550,1.9528
2022,más 10% (cocción),0,1.9073,1.9253,1.9745,2.0006,2.0321,2.1043,2.1333,2.1354,2.1260,2.1436,2.1505,2.1480
2022,Costo diario por familia de 3.73 miembros,0,7.1142,7.1815,7.3649,7.4621,7.5796,7.8490,7.9571,7.9650,7.9298,7.9955,8.0214,8.0122
2022,Costo mensual por familia**,0,213.4261,215.4453,220.9461,223.8628,227.3877,235.4694,238.7118,238.9509,237.8948,239.8664,240.6423,240.3664
2023,2023,2023,2023,2023,2023,2023,2023,2023,2023,2023,2023,2023,2023,2023
2023,Pan Francés,49,0.1624,0.1779,0.1752,0.1697,0.1671,0.1774,0.1727,0.1756,0.1762,0.1666,0.1727,0.1746
2023,Tortillas,223,0.2574,0.2569,0.2616,0.2655,0.2622,0.2622,0.2719,0.2603,0.2689,0.2712,0.2601,0.2507
2023,Arroz,55,0.0838,0.0842,0.0838,0.0834,0.0830,0.0837,0.0852,0.0846,0.0846,0.0844,0.0852,0.0846
2023,Carnes 1_ /,60,0.4838,0.4878,0.4897,0.4899,0.4815,0.4833,0.4918,0.4924,0.4910,0.4913,0.4960,0.4978
2023,Grasas 2 _ /,33,0.1197,0.1184,0.1186,0.1206,0.1168,0.1189,0.1202,0.1172,0.1179,0.1180,0.1190,0.1170
2023,Huevos,28,0.1035,0.1087,0.1090,0.1103,0.1112,0.1088,0.1072,0.1053,0.1054,0.1067,0.1093,0.1134
2023,Leche Fluida *,106,0.1163,0.1185,0.1165,0.1135,0.1185,0.1135,0.1161,0.1190,0.1174,0.1174,0.1135,0.1161
2023,Frutas 3_ /,157,0.1540,0.1589,0.1591,0.1576,0.1615,0.1646,0.1682,0.1685,0.1702,0.1786,0.1761,0.1756
2023,Frijoles,79,0.2172,0.2262,0.2252,0.2223,0.2236,0.2261,0.2349,0.2337,0.2337,0.2336,0.2307,0.2267
2023,Verduras 4_ /,127,0.2148,0.2134,0.2074,0.2024,0.2102,0.2202,0.2277,0.2382,0.2490,0.2481,0.2356,0.2528
2023,Azúcar,69,0.0776,0.0776,0.0776,0.0780,0.0781,0.0785,0.0787,0.0783,0.0783,0.0785,0.0783,0.0790
2023,Costo diario por persona,0,1.9906,2.0286,2.0236,2.0131,2.0137,2.0373,2.0745,2.0732,2.0928,2.0945,2.0765,2.0884
2023,más 10% (cocción),0,2.1897,2.2315,2.2260,2.2144,2.2151,2.2410,2.2820,2.2805,2.3021,2.3039,2.2842,2.2972
2023,Costo diario por familia de 3.73 miembros,0,8.1675,8.3235,8.3030,8.2596,8.2622,8.3589,8.5119,8.5062,8.5869,8.5937,8.5199,8.5687
2023,Costo mensual por familia**,0,245.0240,249.7049,249.0891,247.7875,247.8675,250.7666,255.3562,255.1856,257.6065,257.8103,255.5969,257.0613
2024,2024,2024,2024,2024,2024,2024,2024,2024,2024,2024,2024,2024,2024,2024
2024,Pan Francés,49,0.1668,0.1667,0.1703,0.1665,0.1734,0.1780,0.1703,0.1656,0.1626,0.1656,0.1679,0.1678
2024,Tortillas,223,0.2495,0.2495,0.2466,0.2391,0.2343,0.2353,0.2381,0.2297,0.2286,0.2291,0.2291,0.2389
2024,Arroz,55,0.0838,0.0833,0.0833,0.0823,0.0837,0.0846,0.0865,0.0869,0.0877,0.0867,0.0858,0.0861
2024,Carnes 1_ /,60,0.4980,0.5007,0.5014,0.5040,0.5017,0.4939,0.5033,0.5050,0.5040,0.5050,0.5026,0.5021
2024,Grasas 2 _ /,33,0.1180,0.1172,0.1177,0.1182,0.1176,0.1174,0.1171,0.1153,0.1149,0.1144,0.1147,0.1149
2024,Huevos,28,0.1135,0.1125,0.1101,0.1091,0.1089,0.1087,0.1064,0.1074,0.1082,0.1082,0.1093,0.1085
2024,Leche Fluida *,106,0.1111,0.1187,0.1111,0.1155,0.1213,0.1213,0.1148,0.1148,0.1135,0.1135,0.1148,0.1148
2024,Frutas 3_ /,157,0.1754,0.1767,0.1712,0.1775,0.1653,0.1769,0.1749,0.1858,0.1729,0.1696,0.1669,0.1633
2024,Frijoles,79,0.2245,0.2231,0.2198,0.2234,0.2239,0.2223,0.2238,0.2227,0.2173,0.2084,0.2069,0.2092
2024,Verduras 4_ /,127,0.2668,0.2593,0.2596,0.2589,0.2747,0.3119,0.3373,0.2992,0.2356,0.2161,0.2065,0.2139
2024,Azúcar,69,0.0783,0.0787,0.0788,0.0789,0.0795,0.0795,0.0799,0.0797,0.0797,0.0798,0.0800,0.0798
2024,Costo diario por persona,0,2.0858,2.0864,2.0700,2.0733,2.0843,2.1299,2.1522,2.1121,2.0250,1.9965,1.9846,1.9990
2024,más 10% (cocción),0,2.2944,2.2951,2.2770,2.2807,2.2928,2.3429,2.3675,2.3233,2.2275,2.1961,2.1830,2.1989
2024,Costo diario por familia de 3.73 miembros,0,8.5581,8.5605,8.4930,8.5069,8.5520,8.7391,8.8306,8.6658,8.3086,8.1914,8.1426,8.2020
2024,Costo mensual por familia**,0,256.7421,256.8164,254.7912,255.2056,256.5610,262.1737,264.9192,259.9742,249.2575,245.7430,244.2788,246.0614
2025,2025,2025,2025,2025,2025,2025,2025,2025,2025,2025,2025,2025,2025,2025
2025,Pan Francés,49,0.1684,0.0000,0.0000,0.0000,0.0000,0.0000,0.0000,0.0000,0.0000,0.0000,0.0000,0.0000
2025,Tortillas,223,0.2408,0.0000,0.0000,0.0000,0.0000,0.0000,0.0000,0.0000,0.0000,0.0000,0.0000,0.0000
2025,Arroz,55,0.0867,0.0000,0.0000,0.0000,0.0000,0.0000,0.0000,0.0000,0.0000,0.0000,0.0000,0.0000
2025,Carnes 1_ /,60,0.5037,0.0000,0.0000,0.0000,0.0000,0.0000,0.0000,0.0000,0.0000,0.0000,0.0000,0.0000
2025,Grasas 2 _ /,33,0.1137,0.0000,0.0000,0.0000,0.0000,0.0000,0.0000,0.0000,0.0000,0.0000,0.0000,0.0000
2025,Huevos,28,0.1056,0.0000,0.0000,0.0000,0.0000,0.0000,0.0000,0.0000,0.0000,0.0000,0.0000,0.0000
2025,Leche Fluida *,106,0.1174,0.0000,0.0000,0.0000,0.0000,0.0000,0.0000,0.0000,0.0000,0.0000,0.0000,0.0000
2025,Frutas 3_ /,157,0.1694,0.0000,0.0000,0.0000,0.0000,0.0000,0.0000,0.0000,0.0000,0.0000,0.0000,0.0000
2025,Frijoles,79,0.2138,0.0000,0.0000,0.0000,0.0000,0.0000,0.0000,0.0000,0.0000,0.0000,0.0000,0.0000
2025,Verduras 4_ /,127,0.2049,0.0000,0.0000,0.0000,0.0000,0.0000,0.0000,0.0000,0.0000,0.0000,0.0000,0.0000
2025,Azúcar,69,0.0794,0.0000,0.0000,0.0000,0.0000,0.0000,0.0000,0.0000,0.0000,0.0000,0.0000,0.0000
2025,Costo diario por persona,0,2.0037,0.0000,0.0000,0.0000,0.0000,0.0000,0.0000,0.0000,0.0000,0.0000,0.0000,0.0000
2025,más 10% (cocción),0,2.2041,0.0000,0.0000,0.0000,0.0000,0.0000,0.0000,0.0000,0.0000,0.0000,0.0000,0.0000
2025,Costo diario por familia de 3.73 miembros,0,8.2214,0.0000,0.0000,0.0000,0.0000,0.0000,0.0000,0.0000,0.0000,0.0000,0.0000,0.0000
2025,Costo mensual por familia**,0,246.6405,0.0000,0.0000,0.0000,0.0000,0.0000,0.0000,0.0000,0.0000,0.0000,0.0000,0.0000
